Participant ID,FRU0100,FRU0200,FRU0300,FRU0400,FRU0500,FRU0600,FRU0700,VEG0100,VEG0200,VEG0300,VEG0400,VEG0800,VEG0450,VEG0700,VEG0600,VEG0900,VEG0500,FMC0100,GRW0100,GRS0100,GRR0100,GRW0200,GRS0200,GRR0200,GRW0300,GRS0300,GRR0300,GRW0400,GRS0400,GRR0400,GRW0500,GRS0500,GRR0500,GRW0600,GRS0600,GRR0600,GRW0700,GRS0700,GRR0700,GRW0800,GRS0800,GRR0800,GRW1000,GRS1000,GRR1000,GRW0900,GRS0900,GRR0900,GRW1100,GRW1200,GRR1300,MRF0100,MRL0100,MRF0200,MRL0200,MRF0300,MRL0300,MRF0400,MRL0400,MCF0200,MCL0200,MRF0500,MPF0100,MPL0100,MPF0200,MFF0100,MFL0100,MFF0200,MSL0100,MSF0100,MCF0100,MCL0100,MOF0100,MOF0200,FMC0200,MOF0300,MOF0400,MOF0500,MOF0600,MOF0700,DMF0100,DMR0100,DML0100,DMN0100,DMF0200,DMR0200,DML0200,DML0300,DML0400,SWT0600,MSC1100,DCF0100,DCR0100,DCL0100,DCN0100,DYF0100,DYR0100,DYL0100,DYF0200,DYR0200,DYL0200,DYN0100,DOT0100,DOT0200,DOT0300,DOT0400,FCF0100,FCR0100,FCL0100,FCN0100,DOT0500,DOT0600,DOT0700,DOT0800,FMF0100,FMR0100,FOF0100,FSF0100,FAF0100,FAR0100,FDF0100,FDR0100,SWT0400,MSC1200,SWT0500,SWT0700,SWT0800,SWT0100,SWT0200,SWT0300,BVS0400,BVA0400,BVU0300,BVS0300,BVA0300,BVS0500,BVA0500,BVU0400,BVS0100,BVA0100,BVU0100,BVS0200,BVA0200,BVU0200,BVS0600,BVA0600,BVU0500,BVS0700,BVA0700,BVU0600,BVO0100,BVO0200,BVE0100,BVE0400,BVE0300,BVE0200,MSC0100,MSC0200,MSC0300,MSC0400,MSC0500,MSC0600,MSC0700,MSC0800,MSC0900,MSC1000,GRW1300,GRS1300
SB0001,0.0,0.0,0.0,4.7203333333333335,0.0,0.0,0.0,0.0,0.05466666666666666,0.656,0.0,0.0,0.0,0.0,0.381,0.0,0.0,0.0,1.6673333333333333,0.0,7.3439999999999985,0.0,0.0,1.3333333333333333,0.0,0.0,0.0,0.0,0.0,0.0,0.0,0.0,0.17200000000000001,0.0,0.0,0.0,0.0,0.0,0.0,0.0,0.0,0.725,0.0,0.0,0.0,0.0,0.0,0.0,0.0,0.0,0.0,0.0,0.0,0.0,0.0,0.0,0.0,0.0,0.0,0.0,0.0,0.0,0.0,0.0,0.0,0.0,0.0,0.0,0.0,0.0,1.0583333333333333,0.0,0.0,0.0,0.0,0.0,0.0,3.915333333333333,0.0,0.0,0.0,0.0,0.0,0.16666666666666666,0.0,0.0,0.0,0.0,0.0,0.0,0.0,0.0,1.9440000000000002,0.0,0.041,0.0,0.0,0.0,0.0,0.0,0.23133333333333336,0.0,0.0,0.0,0.0,0.0,0.0,0.0,0.0,0.0,0.0,0.0,0.0,0.0,0.0,0.0,3.4,0.0,0.0,0.0,0.0,0.0,0.0,0.6666666666666666,0.5096666666666666,0.0,0.0,0.0,0.0,0.0,1.0,1.6666666666666667,0.0,0.0,0.0,0.0,0.0,0.4789999999999999,0.0,0.0,0.317,0.0,0.0,0.0,0.0,0.0,3.2473333333333336,0.0,0.0,0.0,0.0,0.0,0.0,0.0,0.0,0.0,0.0,0.0,0.0,0.0,0.0,0.0,0.0,0.0,0.0,0.0,0.0,0.0
SB0003,0.75,0.6875,0.0,1.8815,0.2,0.0,0.0,0.0,0.5895,0.6835,0.0,0.0,0.0,1.0,0.604,0.0,0.0,0.0,0.0,0.0,0.5,1.5,0.0,0.0,0.5035000000000001,0.0,0.0,0.0,0.0,0.0,0.0,0.0,0.0,0.3525,0.0,0.0,0.0,0.2555,0.0,0.0,0.0,0.0,0.0,0.0,0.0,0.0,0.0,0.0,0.0,0.0,0.0,0.8534999999999999,0.0,0.0,0.0,0.0,0.0,0.0,0.0,0.0,0.0,0.0,0.0,4.5455000000000005,0.0,0.0,0.0,0.0,0.0,0.0,0.0,0.5,0.0,0.0,0.0,0.435,0.0,0.0,0.0,0.0,0.0,0.0,0.75,0.0,0.0,0.0,0.0,0.0,0.0,0.0,0.0,0.2705,0.0,0.0,0.0,0.0,0.0,0.0,0.0,0.0,0.0,0.0,0.0,0.0,0.0,0.0,0.0,0.0,0.086,0.0,0.0,0.0,0.0,0.0,0.0,0.0,1.0195,0.0,0.0,0.0,0.0,0.0,0.0,0.0,0.08349999999999999,0.0,0.0,0.0,0.0,0.0,0.0,0.0,0.0,0.375,0.0,0.0,0.0,0.0,0.0,0.0,0.0,0.0,0.0,0.0,0.0,0.0,0.7815,0.0,0.0,0.0,0.0,0.0,0.0,0.0,0.0,0.0,0.0,0.0,0.0,0.0,0.0,0.0,0.0,0.0,0.0,0.0,0.0,0.0
SB0005,0.9109999999999999,0.0,0.0,0.0,0.0,0.0,0.0,0.0,0.115,0.213,0.0,0.0,0.017,0.25,0.10099999999999999,0.0,0.0,0.0,0.0,0.0,3.242,0.0,0.0,0.0,3.4219999999999997,0.0,1.8840000000000001,0.0,0.0,0.0,0.0,0.0,0.0,0.494,0.0,0.0,0.0,0.611,0.0,0.0,0.0,0.0,0.0,0.0,0.0,0.0,0.0,0.0,0.0,0.0,0.0,0.295,0.0,0.0,0.0,0.0,0.0,0.0,0.0,0.0,0.0,0.0,0.0,0.0,0.0,0.0,0.0,0.0,0.0,0.0,0.132,0.0,2.447,0.0,0.0,0.0,0.0,0.0,0.0,0.0,0.0,2.5,0.0,0.0,0.0,0.0,0.0,0.0,0.0,0.0,0.0,0.0,0.368,0.0,0.0,0.0,0.0,0.0,0.0,0.0,0.0,0.0,0.0,0.0,0.0,0.0,0.0,0.0,0.0,0.0,0.0,0.0,0.0,0.0,1.0,0.0,0.35600000000000004,0.047,1.875,0.0,0.0,0.0,0.062,0.0,0.9990000000000001,0.0,0.0,0.0,0.0,0.0,0.0,0.0,0.0,0.0,0.0,0.0,0.0,0.0,0.0,0.0,0.0,0.0,0.0,0.0,0.0,0.0,0.0,0.0,0.0,0.0,0.0,0.0,0.0,0.0,0.0,0.0,0.0,0.0,0.0,0.0,0.0,0.0,0.0,1.224,0.0,0.0,0.0,0.0
SB0006,0.5,0.5626666666666668,0.8966666666666666,4.124333333333333,0.13333333333333333,0.0,0.0,0.0026666666666666666,0.0,0.06566666666666666,0.0,0.0,0.3443333333333333,2.6666666666666665,0.19033333333333335,0.0,0.0,0.0,0.0,0.0,1.2636666666666667,0.0,0.0,1.0143333333333333,1.6930000000000003,0.0,1.7283333333333335,0.0,0.0,0.0,0.0,0.0,0.0,0.0,0.0,0.0,0.0,0.16466666666666666,0.0,0.0,0.0,0.10133333333333333,0.0,0.0,0.0,0.028999999999999998,0.0,0.641,0.295,0.0,0.0,1.4989999999999999,0.0,0.0,0.0,0.0,0.0,0.0,0.0,0.033,0.033,0.0,0.0,0.0,0.0,0.0,0.0,0.0,0.0,0.0,0.29333333333333333,0.0,0.0,0.0,0.0,0.8803333333333333,0.0,0.0,0.0,0.0,0.0,0.018333333333333333,0.0,0.0,0.0,0.0,0.0,0.0,0.0,0.0,0.0,0.0,0.333,0.0,0.0,0.0,0.347,0.0,0.0,0.0,0.0,0.0,0.0,0.0,0.0,0.0,0.0,0.0,0.0,0.0,0.0,0.0,0.0,0.0,0.0,0.0,1.5113333333333336,0.07633333333333332,0.7136666666666667,0.0,0.0,0.0,0.2333333333333333,0.0,0.0,0.0,0.0,0.0,0.0,0.0,0.0,0.0,0.0,3.9166666666666665,0.0,0.0,0.0,0.0,0.0,0.0,0.0,0.0,0.0,0.0,0.0,0.0,0.5833333333333334,0.0,0.0,0.0,0.0,0.0,0.0,0.0,0.0,0.0,0.0,0.0,0.0,0.062000000000000006,0.03233333333333333,0.0,0.0,0.0,0.0,0.0,0.0,0.0
SB0007,0.5,0.0,0.0,0.6186666666666666,0.0,0.0,0.0,0.0,1.1453333333333333,0.7300000000000001,0.0,0.0,0.002,0.0,0.32433333333333336,0.0,0.0,0.0,0.0,0.0,0.593,0.0,0.0,2.050333333333333,0.0,0.0,0.0,0.0,0.0,0.0,0.0,0.0,0.0,0.0,0.0,0.0,0.0,0.0,0.4703333333333333,0.0,0.0,1.511,0.0,0.0,0.0,0.0,0.0,0.0,0.0,0.0,0.0,0.6583333333333333,0.0,0.0,0.0,0.0,0.0,0.0,0.0,0.0,0.0,0.0,0.0,4.464666666666667,0.0,0.0,0.0,0.0,0.0,0.0,0.0,0.0,0.0,0.0,0.0,0.3333333333333333,0.0,0.0,0.0,0.0,0.0,3.582666666666667,0.0,0.0,0.0,0.0,0.0,0.0,0.0,0.0,0.0,0.3523333333333334,0.0,0.0,0.0,0.0,0.0,0.0,0.0,0.0,0.0,0.0,0.0,0.0,0.0,0.0,0.0,0.0,0.0,0.0,0.0,0.0,0.0,0.0,0.0,0.0,0.125,0.6206666666666666,0.0,0.0,1.234,0.0,0.043333333333333335,0.0,0.0,0.0,0.0,0.0,0.511,0.0,0.4166666666666667,0.0,0.0,0.2813333333333334,0.0,0.3333333333333333,0.0,0.0,0.0,0.0,0.0,0.0,0.0,0.0,0.0,0.0,0.5,0.0,0.0,0.0,0.0,0.0,0.0,0.0,0.0,0.0,0.0,0.0,0.0,0.21,0.07766666666666668,0.0,0.0,0.2356666666666667,0.0,0.0,0.0,0.0
SB0010,0.15266666666666664,0.0,0.0,0.6110000000000001,0.125,0.0,0.0,0.0,0.0,0.0,0.0,0.6143333333333333,0.007333333333333333,0.2846666666666667,0.5083333333333333,0.0,0.0,0.0,0.0,0.0,0.19699999999999998,0.0,0.6666666666666666,2.2016666666666667,0.0,0.0,2.013333333333333,0.0,0.0,0.04699999999999999,0.0,0.0,0.6666666666666666,0.25066666666666665,0.0,0.0,0.0,0.0,0.0,0.0,0.0,1.0046666666666666,0.0,0.0,0.0,0.0,0.0,0.0,0.0,0.0,0.0,1.369,0.0,0.0,0.0,0.0,0.0,0.0,0.0,0.062333333333333345,0.0,0.0,0.0,0.6666666666666666,0.7643333333333334,0.0,0.0,0.0,0.0,0.0,0.0,0.0,0.0,0.0,0.0,0.0,0.0,0.0,0.6666666666666666,0.0,0.0,2.0833333333333335,0.0,0.0,0.0,0.0,0.0,0.0,0.0,0.0,0.0,0.5099999999999999,0.17633333333333334,0.0,0.0,0.09466666666666666,0.12233333333333335,0.0,0.0,0.0,0.0,0.0,0.5499999999999999,0.0,0.0,0.0,0.0,0.0,0.0,0.0,0.0,0.0,0.0,0.0,0.0,0.625,1.1773333333333333,0.10666666666666667,0.011000000000000001,0.0,0.11099999999999999,0.06666666666666667,0.071,0.0,0.3333333333333333,0.0,0.0,0.06666666666666667,0.0,0.0,0.0,0.0,0.0,0.0,0.0,0.0,0.0,0.0,0.0,0.0,0.0,0.0,0.0,0.0,0.0,0.0,0.6666666666666666,0.0,0.0,0.0,0.0,0.0,0.0,0.0,0.0,0.013666666666666667,0.0,0.0,0.0,0.26599999999999996,0.0,0.0,0.0,0.02866666666666667,0.0,0.0,0.0,0.0
SB0012,0.0,0.0,0.3333333333333333,0.4326666666666667,0.0,0.0,0.0,0.0026666666666666666,0.3333333333333333,0.30233333333333334,0.0,0.14766666666666664,0.0006666666666666666,0.0,0.17466666666666666,0.0,0.0,0.0,0.0,0.0,1.7196666666666667,0.0,0.0,1.152,1.4110000000000003,0.0,0.541,0.0,0.0,0.0,0.0,0.0,0.0,0.0,0.0,0.0,0.0,0.0,0.0,0.0,0.0,0.0,0.0,0.0,0.0,0.0,0.0,0.0,0.0,0.0,0.0,0.8503333333333334,0.0,0.0,0.0,0.0,0.0,0.0,0.0,0.033,0.033,0.0,0.0,0.7643333333333334,0.48600000000000004,0.0,0.0,0.0,0.0,0.0,0.25333333333333335,0.247,0.0,0.0,0.0,0.5736666666666667,0.0,0.0,0.0,0.0,0.0,0.03666666666666667,0.0,0.0,0.0,0.0,0.0,0.0,0.0,0.0,0.0,1.0123333333333333,0.0,0.0,0.0,0.0,0.0,0.0,0.0,0.0,0.0,0.0,0.0,0.0,0.0,0.0,0.23966666666666667,0.0,0.0,0.0,0.0,0.0,0.0,0.0,0.0,0.3463333333333333,0.4716666666666667,0.0,0.002333333333333333,0.0,0.15266666666666664,0.0,0.3096666666666667,0.0,0.0,0.0,0.0,0.0,0.15566666666666668,0.0,0.0,0.0,0.0,0.16666666666666666,0.0,0.0,0.0,0.0,0.0,0.0,0.0,0.0,0.0,0.0,0.0,0.0,3.3333333333333335,0.0,0.0,0.0,0.0,0.0,0.0,0.0,0.0,0.0,0.0,0.0,0.0,1.0376666666666667,0.03233333333333333,0.0,0.0,0.005666666666666667,0.0,0.0,0.0,0.0
SB0014,0.0,0.6666666666666666,0.0,0.0,0.0,0.0,0.0,0.0,0.0033333333333333335,0.45133333333333336,0.0,0.6,0.0016666666666666668,0.061,0.6303333333333334,0.0,0.0,0.7916666666666666,0.0,0.0,0.292,0.0,0.0,3.3486666666666665,0.0,0.0,0.5176666666666667,0.0,0.0,0.36433333333333334,0.0,0.0,2.207666666666667,0.0,0.0,0.0,0.0,0.0,0.0,0.0,0.0,0.0,0.0,0.0,0.0,0.6466666666666666,0.0,0.0,0.0,0.0,0.0,1.1563333333333334,0.0,0.0,0.0,0.0,0.0,0.0,0.0,0.0,0.0,0.0,0.0,1.7166666666666668,0.0,0.0,0.0,0.0,0.0,0.0,0.0,0.0,0.0,0.0,0.0,0.0,0.0,0.0,0.0,0.0,0.0,0.0,0.0,0.0,0.0,0.0,0.0,0.0,0.0,0.0,0.0,0.26333333333333336,0.0,0.0,0.0,0.0,0.0,0.0,0.0,0.0,0.0,0.0,0.0,0.2913333333333334,0.0,0.0,0.0,0.0,0.0,0.0,0.0,0.0,0.0,0.0,0.0,1.3333333333333333,2.6746666666666665,0.0,0.0,0.0,1.0693333333333335,0.0,0.18833333333333332,0.0,0.125,0.0,0.0,0.35000000000000003,0.0,0.0,0.0,0.0,0.0,0.8333333333333334,0.0,0.0,0.0,0.0,0.0,0.0,0.0,0.0,0.0,0.0,0.0,0.0,1.4793333333333332,0.16666666666666666,0.0,0.0,0.0,0.0,0.0,0.0,0.0,0.0,0.0,0.0,0.0,1.0,1.0666666666666667,0.0,0.0,0.0,0.0,0.0,0.0,0.0
SB0017,0.0,0.0,0.0,0.6063333333333333,0.0,0.0,0.0,0.0,0.0,0.07999999999999999,0.0,0.0,0.0,0.01933333333333333,0.005,0.0,0.0,0.139,0.0,0.0,0.7526666666666667,0.0,0.0,0.3333333333333333,0.0,0.0,0.7456666666666667,0.0,0.0,0.0,0.0,0.0,0.0,0.0,0.0,0.0,0.0,0.0,0.0,0.0,0.0,0.20666666666666667,0.0,0.0,0.0,0.0,0.0,0.0,0.0,0.0,0.0,0.05866666666666667,0.0,0.0,0.0,0.0,0.0,0.0,0.0,0.0,0.0,0.0,0.0,0.25866666666666666,0.0,0.0,0.0,0.0,0.0,0.0,1.3313333333333333,0.0,0.0,0.0,0.0,0.0,0.0,0.0,0.0,0.0,0.0,0.3333333333333333,0.0,0.0,0.0,0.0,0.0,0.0,0.0,0.0,0.0,0.08333333333333333,0.11266666666666665,0.0,0.0,0.0,0.0,0.0,0.0,0.0,0.0,0.0,0.0,0.0,0.0,0.0,0.0,0.0,0.0,0.0,0.0,0.0,0.0,0.0,0.0,0.0,0.13666666666666666,0.0,0.0,0.0,0.0,0.0,0.04466666666666667,0.0,0.0,0.0,0.0,0.0,0.0,0.0,0.6666666666666666,0.0,0.0,0.0,0.0,0.0,0.0,0.0,0.0,0.0,0.0,0.0,0.0,0.0,0.0,0.0,0.3333333333333333,0.0,0.0,0.0,0.0,0.0,0.0,0.0,0.0,0.0,0.0,0.0,0.0,0.0,0.0,0.0,0.0,0.0,0.0,0.0,0.0,0.0
SB0018,0.6666666666666666,0.0,0.0,1.1063333333333334,0.0,0.0,0.0,0.10066666666666667,0.0,1.1026666666666667,0.3893333333333333,0.0,0.009666666666666669,1.098,0.35966666666666675,0.0,0.0,0.7916666666666666,0.19400000000000003,0.0,1.148666666666667,0.0,0.512,0.3333333333333333,0.0,0.0,1.6946666666666665,0.0,0.0,0.0,0.0,0.0,0.0,0.0,0.0,0.0,0.0,0.0,0.0,0.0,0.0,0.0,0.0,0.0,0.0,0.6666666666666666,0.0,0.0,0.0,0.0,0.0,0.26866666666666666,0.0,0.0,0.0,0.0,0.0,0.0,0.0,0.0,0.0,0.0,0.0,0.6666666666666666,0.7523333333333332,0.0,0.0,0.0,0.0,0.0,0.357,0.0,0.0,0.0,0.0,0.0,0.0,0.0,0.0,0.0,0.0,1.0126666666666668,0.0,0.0,0.0,0.0,0.0,0.0,0.0,0.0,0.0,0.30533333333333335,0.0,0.0,0.0,0.0,0.23133333333333336,0.0,0.0,0.0,0.0,0.0,0.5726666666666667,0.0,0.0,0.0,0.0,0.0,0.0,0.3333333333333333,0.0,0.0,0.0,0.0,0.0,0.36366666666666664,0.6666666666666666,0.0,0.0,0.0,0.0,0.0,0.17333333333333334,0.0,0.0,0.0,0.0,0.0,0.024999999999999998,0.0,0.0,0.0,0.0,0.5833333333333334,0.0,0.0,0.0,0.0,0.0,0.0,0.16666666666666666,0.0,0.0,0.0,0.0,0.0,0.0,0.8333333333333334,0.0,0.0,0.0,0.0,0.0,0.0,0.0,0.0,0.0,0.0,0.0,0.3333333333333333,0.0,0.0,0.0,0.0,0.0,0.0,0.0,0.0
SB0019,0.0,0.0,0.0,0.0,0.0,0.0,0.0,0.15733333333333335,0.06666666666666667,0.38400000000000006,0.0,0.0,0.002,0.0,1.1183333333333334,0.0,0.0,0.3246666666666667,0.0,0.0,0.22466666666666668,0.6666666666666666,0.0,0.0,2.5396666666666667,0.0,0.0,0.0,0.0,0.0,0.0,0.0,0.0,0.0,0.0,0.0,0.23099999999999998,0.0,0.235,0.0,0.0,0.17733333333333334,0.0,0.19166666666666665,0.0,0.0,0.5,0.19999999999999998,0.0,0.0,0.0,1.3333333333333333,0.0,0.0,0.0,0.0,0.0,1.6666666666666667,0.0,0.0,0.0,0.0,0.0,0.6666666666666666,0.0,0.0,0.0,0.0,0.0,0.0,0.0,0.0,0.0,0.0,0.0,0.25333333333333335,0.0,0.0,0.0,0.0,0.0,0.0,0.6666666666666666,0.0,0.0,0.0,0.0,0.0,0.0,0.0,0.0,0.4443333333333334,0.0,0.0,0.0,0.0,0.0,0.0,0.0,0.0,0.0,0.0,0.0,0.0,0.0,0.0,0.0,0.0,0.0,0.0,0.0,0.0,0.0,0.0,0.0,0.0,0.125,0.21333333333333335,0.0,0.0,0.0,0.0,0.043333333333333335,0.0,0.0,0.0,0.0,0.43,0.45566666666666666,0.0,0.0,0.0,0.0,0.0,0.0,0.0,0.303,0.0,0.0,0.0,0.0,0.0,0.0,0.0,0.0,0.0,2.9166666666666665,0.0,0.0,0.0,0.0,0.0,0.0,0.0,0.0,0.0,0.0,0.0,0.0,0.0,0.0,0.0,0.0,0.0,0.0,0.0,0.0,0.0
SB0020,0.6666666666666666,0.4583333333333333,0.0,0.0,0.0,0.0,0.0,0.5556666666666666,0.0,0.5363333333333333,0.0,0.0,0.0,0.0,0.3333333333333333,0.0,0.0,0.0,0.0,0.0,3.983333333333333,0.0,0.0,2.1679999999999997,0.0,0.0,0.8210000000000001,0.0,0.0,0.09399999999999999,0.0,0.0,0.0,0.0,0.0,0.0,0.48600000000000004,0.0,0.0,0.0,0.0,0.0,0.0,0.0,0.0,0.6666666666666666,0.0,0.6666666666666666,0.0,0.0,0.0,0.4466666666666667,0.0,0.0,0.0,0.0,0.0,0.0,0.0,0.0,0.3333333333333333,0.0,0.0,2.8220000000000005,0.0,0.0,0.0,0.0,0.0,0.0,0.5313333333333333,0.0,0.0,0.0,0.0,0.0,0.0,0.0,0.0,0.0,0.0,1.1666666666666667,0.0,0.0,0.0,0.0,0.0,0.0,0.0,0.0,0.0,0.19933333333333333,0.546,0.0,0.15666666666666665,0.0,0.0,0.0,0.0,0.0,0.0,0.0,0.0,0.0,0.0,0.0,0.0,0.0,0.0,0.0,0.0,0.0,0.0,0.0,0.0,0.0,2.635666666666667,0.45133333333333336,0.0,0.0,0.5203333333333333,0.0,0.45933333333333337,0.0,0.2496666666666667,0.0,0.0,0.08333333333333333,0.0,0.0,0.3333333333333333,0.0,0.0,0.25,0.0,0.5,0.0,0.0,0.0,0.0,0.0,0.0,0.0,0.0,0.0,0.0,1.646,0.0,0.0,0.0,0.0,0.0,0.0,0.0,0.0,0.0,0.0,0.0,0.0,0.19999999999999998,0.0,0.0,0.0,0.0,0.0,0.0,0.0,0.0
SB0021,0.6666666666666666,0.0,0.0,1.1236666666666666,0.0,0.0,0.0,0.35133333333333333,0.0,0.445,0.0,0.0,0.002333333333333333,0.0,0.124,0.0,0.0,0.3333333333333333,0.0,0.0,3.7306666666666666,0.0,0.0,1.3333333333333333,0.0,0.0,1.393,0.0,0.0,0.0,0.0,0.0,0.0,0.0,0.0,0.0,0.0,0.0,0.0,0.0,0.0,0.0,0.0,0.0,0.0,0.0,0.0,0.3333333333333333,0.0,0.0,0.0,0.31066666666666665,0.0,0.0,0.0,0.0,0.0,0.0,0.0,0.0,0.0,0.0,0.0,0.0,2.152,0.0,0.0,0.0,0.0,0.0,1.812,0.033666666666666664,0.0,0.0,0.0,0.0,0.0,0.0,0.0,0.0030000000000000005,0.0,0.8333333333333334,0.0,0.0,0.0,0.3333333333333333,0.0,0.0,0.0,0.0,0.0,0.083,0.48900000000000005,0.0,0.09799999999999999,0.0,0.0,0.0,0.0,0.0,0.0,0.0,0.0,0.0,0.0,0.0,0.0,0.0,0.0,0.0,0.0,0.0,0.0,0.0,0.0,0.0,1.7666666666666668,0.0,0.0,0.0,0.0,0.0,0.30433333333333334,0.0,0.2496666666666667,0.0,0.0,0.0,0.0,0.0,0.3333333333333333,0.0,0.0,0.0,0.0,0.5,0.0,0.0,0.0,0.0,0.0,0.0,0.0,0.0,0.0,0.0,1.646,0.0,0.0,0.0,0.0,0.0,0.0,0.0,0.0,0.0,0.0,0.0,0.0,0.0,0.09433333333333334,0.0,0.0,0.0,0.0,0.0,0.0,0.0
SB0025,0.0,0.4583333333333333,0.0,10.805333333333335,0.0,0.0,0.0,0.002,0.0,0.21599999999999997,0.0,0.0,0.05633333333333334,0.0,0.08600000000000001,0.0,0.0,0.0,0.0,0.0,0.17666666666666667,0.0,0.0,0.0,0.0,0.0,0.0,0.0,0.0,0.0,0.0,0.0,0.5353333333333333,0.0,0.0,0.0,0.7053333333333334,0.0,0.0,0.0,0.0,0.0,0.0,0.0,0.0,0.0,0.0,0.0,0.0,0.0,0.0,0.0,0.0,0.0,0.0,0.0,0.0,0.0,0.0,0.003666666666666667,0.003666666666666667,0.0,0.0,0.307,0.0,0.0,0.0,0.0,0.0,0.0,0.0,0.3333333333333333,0.0,0.0,0.0,0.0,0.0,0.0,0.0,0.0,0.0,0.4166666666666667,0.0,0.0,0.0,0.0,0.0,0.0,0.0,0.0,0.0,0.0,0.0,0.0,0.0,0.0,0.15433333333333332,0.0,0.0,0.0,0.0,0.0,0.0,0.0,0.0,0.0,0.0,0.0,0.0,0.0,0.0,0.0,0.0,0.0,0.0,0.0,1.1803333333333332,0.0,0.0,0.0,0.0,0.0,0.0,0.0,0.0,0.0,0.0,0.0,0.0,0.0,0.0,0.0,0.0,0.2813333333333334,0.0,0.0,0.0,0.0,0.0,0.0,0.0,0.0,0.0,0.0,0.0,0.0,1.0,0.0,0.0,0.0,0.0,0.0,0.0,0.0,0.0,0.0,0.0,0.0,0.0,0.0016666666666666668,0.2966666666666667,0.0,0.0,0.09533333333333334,0.0,0.0,0.0,0.0
SB0031,0.0,1.1253333333333335,0.0,0.5279999999999999,0.0,0.0,0.0,0.0,0.012333333333333335,0.589,0.397,1.3723333333333334,0.12133333333333335,0.0,0.28,0.0,0.0,0.0,0.0,0.0,0.0,0.16666666666666666,0.0,1.566,0.141,0.0,0.0,0.0,0.0,0.26133333333333336,0.0,0.0,0.0,0.6113333333333334,0.0,0.0,0.0,0.0,0.0,0.0,0.0,0.6546666666666666,0.0,0.0,0.0,0.0,0.0,0.0,0.214,0.0,0.0,1.4673333333333334,0.07666666666666667,0.0,0.0,0.0,0.0,0.0,0.0,0.12933333333333333,0.0,0.0,0.0,0.0,0.0,0.0,0.0,0.4076666666666666,0.0,0.0,0.0,0.0,0.0,0.0,0.0,0.0,0.0,0.0,0.0,0.0,0.0,0.0,1.389,0.0,0.0,0.0,0.0,0.0,0.0,0.0,0.0,0.292,0.0,0.0,0.0,0.0,0.0,0.0,0.0,0.0,0.0,0.0,0.5833333333333334,0.0,0.0,0.0,0.014666666666666668,0.0,0.0,0.0,0.0,0.0,0.0,0.0,0.033,0.0,0.009666666666666665,0.0,0.03766666666666667,0.0,0.15566666666666668,0.0,0.12766666666666665,0.0,0.0,0.0,0.0,0.0,0.0,0.0,0.5,0.0,0.0,0.0,0.0,0.8333333333333334,0.0,0.0,0.0,0.0,0.0,0.0,0.0,0.0,0.0,0.0,1.8333333333333333,0.08333333333333333,0.0,0.0,0.0,0.0,0.0,0.0,0.0,0.0,0.0,0.0,0.0,1.6543333333333334,0.07766666666666668,0.0,0.0,0.0,0.0,0.0,0.0,0.0
SB0032,0.0,0.5626666666666668,0.0,1.0366666666666668,0.0,0.0,0.0,0.0,0.08833333333333333,0.11733333333333335,0.25933333333333336,1.2103333333333335,0.043666666666666666,0.21166666666666667,0.2353333333333333,0.0,0.0,0.0,0.0,0.0,0.5943333333333334,0.0,0.0,1.566,0.141,0.0,0.5760000000000001,0.0,0.0,0.0,0.0,0.0,0.0,0.0,0.0,0.0,0.4076666666666666,0.0,0.0,0.0,0.0,1.1596666666666666,0.0,0.0,0.0,0.0,0.0,0.0,0.0,0.0,0.0,1.2476666666666667,0.15366666666666667,0.0,0.0,0.0,0.0,0.0,0.0,0.12933333333333333,0.0,0.0,0.0,0.0,0.0,0.0,0.0,1.019,0.0,0.0,0.078,0.0,0.0,0.0,0.0,0.0,0.0,0.0,0.0,0.0,0.0,0.3333333333333333,0.0,0.0,0.0,0.0,0.0,0.0,0.0,0.0,0.0,0.2293333333333333,0.139,0.0,0.0,0.0,0.0,0.0,0.0,0.0,0.0,0.0,0.5833333333333334,0.0,0.0,0.0,0.02966666666666667,0.0,0.0,0.0,0.0,0.0,0.0,0.0,0.06566666666666666,0.0,0.37700000000000006,0.0,0.07533333333333334,0.0,0.15566666666666668,0.0,0.3433333333333333,0.0,0.0,0.0,0.0,0.0,0.0,0.0,1.204,0.0,0.0,0.2813333333333334,0.0,0.0,0.0,0.0,0.0,0.0,0.0,0.0,0.0,0.0,0.0,0.0,1.5,0.0,0.0,0.0,0.0,0.0,0.0,0.0,0.0,0.0,0.0,0.0,0.0,0.29866666666666664,0.07766666666666668,0.0,0.0,0.0,0.0,0.0,0.0,0.0
SB0035,0.0,0.0,0.0,0.6666666666666666,0.0,0.0,0.0,0.3333333333333333,0.4326666666666667,1.0213333333333334,0.0,0.0,0.006333333333333333,0.0,0.9093333333333332,0.0,0.0,0.0,0.0,0.0,0.146,0.0,1.3333333333333333,0.8063333333333333,1.734,0.0,1.4130000000000003,0.0,0.0,2.0,0.0,0.0,0.8889999999999999,0.0,0.0,0.0,0.0,0.0,0.0,0.0,0.0,0.0,0.0,0.0,0.0,0.0,0.0,0.0,0.0,0.0,0.0,0.7173333333333333,0.0,0.0,0.0,0.0,0.0,0.0,0.0,0.0,0.0,0.0,0.3293333333333333,0.0,0.0,0.0,0.0,0.6703333333333333,1.058,0.0,0.391,0.0,0.0,0.0,0.0,0.3333333333333333,0.0,0.0,0.0,0.0,0.0,0.8729999999999999,0.15433333333333332,0.0,0.0,0.0,0.0,0.0,0.0,0.0,0.0,0.4443333333333334,0.0,0.0,0.0,0.0,0.0,0.0,0.0,0.0,0.0,0.0,0.0,0.0,0.0,0.0,0.15966666666666665,0.0,0.0,0.0,0.0,0.0,0.0,0.0,0.0,0.25,0.22599999999999998,0.16933333333333334,0.020666666666666667,0.0,0.16333333333333333,0.0,0.502,0.0,0.0,0.0,0.0,0.0,0.0,0.0,0.0,0.0,0.0,0.39333333333333337,0.0,0.0,0.0,0.0,0.0,0.0,0.0,0.0,0.0,0.0,0.0,0.0,1.3333333333333333,0.0,0.0,0.0,0.0,0.0,0.0,0.0,0.0,0.0,0.0,0.0,0.16233333333333336,0.5333333333333333,0.0,0.0,0.0,0.0,0.0,0.0,0.0,0.0
SB0037,0.0,0.0,0.5266666666666667,1.0693333333333335,0.0,0.0,0.0,0.0,0.001,0.329,0.0,0.14766666666666664,0.0013333333333333333,0.0,0.14533333333333331,0.0,0.0,0.0,0.0,0.0,3.5133333333333336,0.512,0.6666666666666666,1.5503333333333333,0.839,0.0,0.0,0.0,0.0,0.0,0.0,0.0,0.0,0.0,0.0,0.0,0.347,0.0,0.0,0.0,0.0,0.0,0.0,0.0,0.0,0.0,0.0,0.0,0.0,0.0,0.0,0.3293333333333333,0.0,0.0,0.0,0.0,0.0,0.0,0.0,0.0,0.3526666666666667,0.0,0.0,0.8213333333333334,1.646,0.0,0.0,0.0,0.0,0.0,0.18799999999999997,0.0,0.0,0.0,0.0,0.29333333333333333,0.0,0.0,0.0,0.0,0.0,0.0,2.1666666666666665,0.0,0.0,0.0,0.6666666666666666,0.0,0.0,0.0,0.0,0.249,0.8936666666666667,0.0,0.0,0.0,0.0,0.0,0.0,0.0,0.0,0.0,0.0,0.0,0.0,0.0,0.0,0.0,0.0,0.0,0.0,0.0,0.0,0.0,0.0,0.6216666666666667,1.284,0.0,0.0,0.0,0.0,0.0,1.5860000000000003,0.0,0.3333333333333333,0.0,0.0,0.0,0.0,0.0,0.0,0.0,0.0,0.0,0.0,0.0,0.0,0.0,0.0,0.0,0.0,0.0,0.0,0.0,0.0,0.0,2.0,0.3333333333333333,0.0,0.0,0.0,0.0,0.0,0.0,0.0,0.0,0.0,0.0,0.0,0.61,0.039,1.2,0.0,0.0,0.0,0.0,0.0,0.0
SB0039,0.431,0.431,0.0,1.5,0.0,0.0,0.0,0.0,0.0,1.6540000000000001,0.0,0.0,0.011000000000000001,0.332,0.34,0.0,0.0,0.0,0.0,0.0,1.348,0.0,0.0,0.0,2.54,0.0,0.0,0.0,0.0,0.0,0.0,0.0,0.0,0.741,0.0,0.0,0.0,0.0,0.0,0.0,0.0,1.3230000000000002,0.0,0.0,0.0,0.0,0.0,0.0,0.0,0.0,0.0,0.0,0.0,0.0,0.0,0.0,0.0,0.0,0.0,0.0,0.0,0.0,0.0,0.0,0.0,0.0,0.0,0.0,0.0,0.0,1.76,0.0,0.0,0.0,0.0,1.76,0.0,0.0,0.0,0.0,0.0,0.11,0.5,0.0,0.0,0.0,0.0,0.0,0.0,0.0,0.0,0.292,0.0,0.0,0.0,0.0,0.0,0.0,0.0,0.0,0.0,0.0,0.431,0.0,0.0,0.0,0.7190000000000001,0.0,0.0,0.0,0.0,0.0,0.0,0.0,0.0,0.0,2.235,0.0,0.0,0.0,0.0,0.0,0.26,0.0,0.0,0.0,0.0,0.0,0.0,0.0,0.215,0.0,0.0,0.5,0.0,0.0,0.0,0.0,0.0,0.0,0.0,0.0,0.0,0.0,0.0,0.0,0.5,0.0,0.0,0.0,0.0,0.0,0.0,0.0,0.0,0.0,0.0,0.0,0.0,0.0,0.0,0.0,0.0,0.0,0.0,0.0,0.0,0.0
SB0040,0.0,0.0,0.0,1.4403333333333332,0.0,0.0,0.0,0.0,0.0,0.2293333333333333,0.0,1.4420000000000002,0.0030000000000000005,0.11633333333333333,0.06933333333333334,0.0,0.0,0.0,0.0,0.0,1.4086666666666667,0.0,0.6666666666666666,2.3683333333333336,0.0,0.0,1.6283333333333332,0.0,0.0,0.22566666666666668,0.0,0.0,0.0,0.0,0.0,0.0,0.0,0.0,0.0,0.0,0.8276666666666667,1.2566666666666666,0.0,0.0,0.0,0.4373333333333333,0.0,0.0,0.0,0.0,0.0,0.0,1.212,0.0,0.0,0.0,0.0,0.0,0.0,0.0,0.0,0.0,0.0,0.0,0.4116666666666667,0.0,0.0,0.0,0.0,0.0,0.606,0.3293333333333333,0.0,0.0,0.0,0.34833333333333333,0.0,0.0,0.0,0.0,0.0,0.0,1.0,0.0,0.0,0.0,0.5,0.0,0.0,0.0,0.0,0.38566666666666666,0.07833333333333332,0.0,0.0,0.0,0.0,0.0,0.0,0.0,0.0,0.0,0.0,0.0,0.0,0.0,0.0,0.0,0.0,0.0,0.0,0.0,0.0,0.0,0.0,0.20666666666666667,0.4716666666666667,0.0,0.0,0.0,0.0,0.0,0.2916666666666667,0.0,0.16666666666666666,0.0,0.0,0.0,0.0,0.0,0.0,0.0,0.0,0.7813333333333334,0.0,0.0,0.0,0.0,0.0,0.0,0.0,0.0,0.0,0.0,0.0,0.0,2.8333333333333335,0.0,0.0,0.0,0.0,0.0,0.0,0.0,0.0,0.0,0.0,0.0,0.0,0.7999999999999999,0.0,0.0,0.0,0.0,0.0,0.0,0.0,0.0
SB0041,0.6666666666666666,0.0,0.0,0.8153333333333334,0.0,0.0,0.0,0.0,0.0,0.417,0.0,1.0433333333333332,0.006000000000000001,0.23233333333333336,0.1386666666666667,0.0,0.0,0.0,0.0,0.0,1.1523333333333334,0.6666666666666666,0.0,1.8563333333333334,0.7016666666666667,0.0,0.84,0.0,0.0,0.8150000000000001,0.0,0.0,0.0,0.0,0.4703333333333333,0.0,0.0,0.0,0.0,0.0,0.0,1.2566666666666666,0.0,0.0,0.0,0.0,0.0,0.0,0.0,0.0,0.0,0.5039999999999999,0.96,0.0,0.0,0.0,0.0,0.0,0.0,0.0,0.0,0.0,0.0,0.0,1.0583333333333333,0.0,0.0,0.0,0.0,0.0,0.6363333333333333,0.0,0.0,0.0,0.0,0.34833333333333333,0.0,0.0,0.5,0.49366666666666664,0.0,0.0,0.5,0.0,0.0,0.0,0.0,0.0,0.0,0.0,0.0,0.219,0.07833333333333332,0.0,0.0,0.0,0.0,0.0,0.0,0.0,0.0,0.0,0.0,0.0,0.0,0.0,0.0,0.0,0.0,0.0,0.0,0.0,0.0,0.0,0.0,0.0,0.7446666666666667,0.20666666666666667,0.0,0.0,0.0,0.0,0.2916666666666667,0.0,0.6666666666666666,0.0,0.0,0.0,0.0,0.0,0.0,0.0,0.0,0.2813333333333334,0.0,0.0,0.0,0.0,0.0,0.0,0.0,0.0,0.0,0.0,0.0,0.0,3.3333333333333335,0.0,0.0,0.0,0.0,0.0,0.0,0.0,0.0,0.0,0.0,0.0,0.0,1.4666666666666668,0.0,0.0,0.0,0.0,0.0,0.0,0.0,0.0
SB0055,0.0,1.3333333333333333,0.0,0.3333333333333333,0.0,0.0,0.0,0.0,0.002,0.4046666666666667,0.19699999999999998,0.0,0.0013333333333333333,0.545,0.3376666666666666,0.0,0.0,0.0,0.0,0.0,1.8876666666666664,0.0,0.0,0.0,0.0,0.0,1.7283333333333335,0.0,0.0,0.0,0.0,0.0,0.8976666666666667,0.0,0.0,0.0,0.0,0.0,0.0,0.0,0.0,0.5676666666666667,0.0,0.0,0.0,0.0,0.0,0.6666666666666666,0.0,0.0,0.0,0.16533333333333333,0.0,0.0,0.0,0.0,0.0,0.16533333333333333,0.0,0.0,0.0,0.0,0.5336666666666666,0.0,0.0,0.0,0.0,0.0,0.0,0.0,0.537,0.0,0.0,0.0,0.0,0.25333333333333335,0.0,0.0,0.0,0.0,0.0,0.043666666666666666,0.0,0.0,0.0,0.3333333333333333,0.0,0.0,0.0,0.0,0.0,0.083,0.6996666666666668,0.0,0.0,0.0,0.0,0.0,0.0,0.0,0.0,0.0,0.0,0.204,0.0,0.0,0.0,0.0,0.0,0.0,0.0,0.0,0.0,0.0,0.0,1.5233333333333334,0.797,0.401,0.24800000000000003,0.0,0.0,0.0,0.2153333333333333,0.0,0.0,0.0,0.0,0.0,0.0,0.0,0.3333333333333333,0.0,0.0,0.0,0.0,0.0,0.0,0.0,0.0,0.0,0.0,0.0,0.0,0.0,0.0,0.0,1.146,0.0,0.0,0.0,0.0,0.0,0.0,0.0,0.0,0.0,0.0,0.0,0.0,0.33066666666666666,0.0,0.0,0.0,0.0,0.0,0.0,0.0,0.0
SB0058,0.8333333333333334,0.0,0.0,0.0,0.0,0.0,0.0,0.0,0.0,0.10333333333333333,0.0,0.4396666666666667,0.0,0.0,0.09866666666666668,0.0,0.0,0.0,0.0,0.0,0.6696666666666666,0.0,0.0,2.217,0.0,0.0,2.880666666666667,0.0,0.0,0.0,0.0,0.0,0.06666666666666667,0.0,0.0,0.0,0.439,0.0,0.0,0.0,0.0,0.0,0.0,0.0,0.0,0.3333333333333333,0.0,0.0,0.4996666666666667,0.0,0.0,1.8893333333333333,0.0,0.0,0.0,0.0,0.0,0.0,0.0,0.0,0.0,0.0,0.0,0.035333333333333335,0.0,0.0,0.0,0.0,0.0,0.0,0.766,0.0,0.0,0.0,0.0,1.9203333333333334,0.0,0.0,0.0,0.0,0.0,0.37000000000000005,0.0,0.0,0.0,0.3333333333333333,0.0,0.0,0.0,0.0,0.0,0.2906666666666667,0.159,0.0,0.0,0.0,0.0,0.0,0.0,0.0,0.0,0.0,0.0,0.0,0.0,0.0,0.0,0.0,0.0,0.0,0.0,0.0,0.0,0.0,0.0,0.4403333333333333,0.19299999999999998,0.0,0.08600000000000001,0.0,0.3056666666666667,0.0,0.03333333333333333,0.0,0.0,0.0,0.0,0.0,0.0,0.0,0.0,0.0,0.0,0.25,0.0,0.0,0.0,0.0,0.0,0.0,0.0,0.0,0.0,0.0,0.0,0.0,0.0,2.5833333333333335,0.0,0.0,0.0,0.0,0.0,0.0,0.0,0.0,0.0,0.0,0.0,0.21,0.039,0.0,0.0,0.08166666666666667,0.0,0.0,0.0,0.0
SB0059,0.0,0.6666666666666666,0.0,0.6666666666666666,0.0,0.0,0.0,0.0,0.0,0.10333333333333333,0.14666666666666667,0.19499999999999998,0.0,0.0,0.048999999999999995,0.0,0.0,0.0,0.0,0.0,0.628,0.0,0.0,1.3333333333333333,0.5643333333333334,0.0,2.4476666666666667,0.0,0.0,0.042333333333333334,0.0,0.0,0.0,0.0,0.0,0.0,0.0,0.0,0.0,0.0,0.0,0.5036666666666666,0.0,0.0,0.0,0.0,0.0,0.0,0.0,0.0,0.0,1.1133333333333333,0.0,0.0,0.0,0.0,0.0,0.0,0.0,0.0,0.0,0.0,0.0,0.0,0.0,0.0,0.0,0.0,0.0,0.0,0.4323333333333333,0.6643333333333333,0.0,0.0,0.0,1.2133333333333332,0.0,0.0,0.0,0.0,0.0,0.033999999999999996,0.0,0.0,0.0,0.0,0.0,0.0,0.0,0.0,0.0,0.7919999999999999,0.159,0.0,0.0,0.0,0.0,0.0,0.0,0.0,0.0,0.0,0.0,0.0,0.0,0.0,0.0,0.0,0.0,0.0,0.0,0.0,0.0,0.0,0.0,0.41,0.19299999999999998,0.0,0.0,0.0,0.0,0.0,0.03333333333333333,0.0,0.0,0.0,0.0,0.17500000000000002,0.0,0.0,0.6666666666666666,0.0,0.0,0.5313333333333333,0.0,0.0,0.0,0.0,0.0,0.0,0.0,0.0,0.0,0.0,0.0,0.0,0.0,2.2293333333333334,0.0,0.0,0.0,0.0,0.0,0.0,0.0,0.0,0.0,0.0,0.0,0.0,0.0,0.0,0.0,0.0,0.0,0.0,0.0,0.0
SB0069,0.5,0.0,0.0,1.1500000000000001,0.0,0.0,0.0,0.0,0.0,0.0,0.0,0.0,0.0,0.0,0.7016666666666667,0.0,0.0,0.0,0.0,0.0,0.0,0.0,0.0,0.0,0.0,0.0,1.0176666666666667,0.0,0.0,0.0,0.0,0.0,1.8333333333333333,0.0,0.0,0.0,0.0,0.0,0.0,0.0,0.0,0.0,0.0,0.0,0.0,0.0,0.0,0.3333333333333333,0.0,0.0,0.0,0.0,0.0,0.0,0.0,0.0,0.0,0.0,0.0,0.7606666666666667,0.0,0.0,0.0,8.748333333333333,0.0,0.0,0.0,0.0,0.0,0.0,0.635,0.0,0.0,0.0,0.0,1.2533333333333332,0.0,0.0,0.6666666666666666,0.0,0.0,0.041666666666666664,0.0,0.0,0.0,0.0,0.0,0.0,0.0,0.0,0.0,0.0,0.0,0.0,0.0,0.0,0.0,0.0,0.0,0.0,0.0,0.0,0.041666666666666664,0.0,0.0,0.0,0.0,0.0,0.0,0.0,0.0,0.0,0.0,0.0,0.0,0.0,2.7536666666666663,1.1456666666666666,0.0,0.0,0.0,0.0,0.0,0.6666666666666666,0.08333333333333333,0.0,0.0,0.0,0.0,0.0,0.0,0.0,0.0,0.0,0.0,0.0,0.0,0.0,0.0,0.0,0.16666666666666666,0.0,0.0,0.0,0.0,0.0,3.062666666666667,0.0,0.0,0.0,0.0,0.0,0.0,0.0,0.0,0.0,0.0,0.0,0.0,2.0,0.0,0.0,0.0,0.0,0.0,0.0,0.0,0.0
SB0072,0.9166666666666666,0.0,0.48866666666666664,1.6103333333333334,0.0,0.0,0.0,1.0,0.0,0.148,0.0,0.0,1.3333333333333333,0.3333333333333333,0.17533333333333334,0.0,0.0,0.0,0.0,0.0,0.6666666666666666,0.0,0.0,0.0,0.0,0.0,0.8370000000000001,0.0,0.0,0.0,0.0,0.0,0.0,0.0,0.0,0.0,0.439,0.0,0.0,0.0,0.0,0.3333333333333333,0.0,0.0,0.0,0.0,0.0,0.0,0.0,0.0,0.0,0.0,0.0,0.0,0.0,0.0,0.0,0.0,0.0,0.0,0.0,0.0,0.0,0.0,0.0,0.0,1.0,0.0,0.0,0.0,0.0,0.0,0.0,0.0,0.0,0.0,0.0,0.0,0.0,0.0,0.0,0.0,0.0,0.3333333333333333,0.0,0.0,0.0,0.0,0.0,0.0,0.0,0.0,0.0,0.0,0.0,0.0,0.0,0.0,0.0,0.0,0.0,0.0,0.0,0.0,0.0,0.0,0.0,0.0,0.0,0.0,0.0,0.0,0.0,0.0,0.0,0.0,0.0,0.16,0.0,0.0,0.0,0.0,0.0,0.0,0.0,0.0,0.0,0.0,0.0,0.0,0.0,0.0,0.0,0.0,0.0,0.0,0.0,0.0,0.0,0.0,0.0,0.0,0.0,0.0,0.0,0.0,2.0,0.0,0.0,0.0,0.0,0.0,0.0,0.0,0.0,0.0,0.0,0.0,0.0,0.0,0.0,0.0,0.0,0.0,0.0,0.0,0.0,0.0
SB0073,0.0,0.0,0.0,3.6750000000000003,0.0,0.0,0.0,0.0,0.024333333333333332,0.3336666666666666,0.13433333333333333,0.0,0.043666666666666666,0.0,0.36833333333333335,0.0,0.0,0.0,0.0,0.0,0.07866666666666668,0.0,0.6666666666666666,2.0,0.2823333333333333,0.0,0.906,0.0,0.0,0.0,0.0,0.0,0.6829999999999999,0.0,0.0,0.0,0.48600000000000004,0.0,0.0,0.0,0.0,0.139,0.0,0.0,0.0,0.0,0.0,0.0,0.0,0.0,0.0,0.8936666666666667,0.0,0.0,0.0,0.0,0.0,0.0,0.0,0.0,0.0,0.0,0.0,1.2933333333333332,0.0,0.0,0.0,0.0,0.0,0.0,0.7753333333333333,0.0,0.0,0.0,0.0,0.593,0.0,0.0,0.0,0.0,0.0,0.4166666666666667,0.3333333333333333,0.0,0.0,0.0,0.0,0.0,0.0,0.0,0.0,0.0,0.0,0.0,0.0,0.0,0.0,0.0,0.0,0.0,0.0,0.0,0.0,0.0,0.0,0.0,0.0,0.0,0.0,0.0,0.0,0.0,0.0,0.0,0.0,0.0,1.3173333333333332,0.0,0.0,0.0,0.246,0.0,0.11833333333333333,0.3333333333333333,0.0,0.0,0.0,0.0,0.0,0.0,0.0,0.0,0.0,0.0,0.0,0.0,0.0,0.0,0.3333333333333333,0.0,0.3333333333333333,0.0,0.0,0.0,0.0,0.0,3.3623333333333334,0.0,0.0,0.0,0.0,0.0,0.0,0.0,0.0,0.0,0.0,0.0,0.0,0.753,0.311,0.0,0.0,0.0,0.0,0.0,0.0,0.0
SB0077,1.375,0.5,0.0,0.18075,0.0,0.0,0.0,0.0,0.0,0.0,0.0,0.36424999999999996,0.0,0.0,0.25,0.0,0.0,0.59375,0.0,0.0,0.14975,0.0,0.0,1.5,0.0,0.0,0.5,0.0,0.0,0.0,0.0,0.0,0.0,0.0,0.0,0.0,0.32925,0.0,0.0,0.0,0.0,0.41674999999999995,0.0,0.0,0.0,0.0,0.0,0.0,0.0,0.0,0.0,1.63,0.0,0.0,0.0,0.0,0.0,0.0,0.0,0.0,0.0,0.0,0.0,0.0,1.7062499999999998,0.0,0.0,0.0,0.0,0.0,0.6232500000000001,0.7404999999999999,0.0,0.0,0.0,0.0,0.0,0.0,0.0,0.0,0.0,0.25,0.0,0.0,0.0,0.0,0.0,0.0,0.0,0.0,0.0,0.28125,0.0,0.0,0.0,0.0,0.0,0.0,0.0,0.0,0.0,0.0,0.0,0.0,0.0,0.0,0.0,0.0,0.0,0.5,0.0,0.0,0.0,0.0,0.0,0.0,0.0,0.0,0.0,0.0,0.06125,0.0,1.04325,0.0,0.0,0.0,0.0,0.0,0.0,0.0,0.65625,0.0,0.0,0.42200000000000004,0.0,0.0,0.0,0.0,0.0,0.0,0.25,0.0,0.0,0.0,0.0,0.0,0.25,0.0,0.0,0.0,0.0,0.0,0.0,0.0,0.0,0.0,0.0,0.0,0.0,0.15,0.0,0.0,0.0,0.254,0.0,0.0,0.0,0.0
SB0081,0.0,0.0,0.0,0.0,0.0,0.0,0.0,0.0,0.0,0.2776666666666667,0.26599999999999996,0.0,0.0,0.0,0.9653333333333333,0.0,0.0,0.0,0.0,0.0,2.592,0.0,0.0,0.5333333333333333,0.8466666666666667,0.0,1.7283333333333333,0.0,0.0,0.0,0.0,0.0,0.39999999999999997,0.0,0.0,0.0,1.944,0.0,0.0,0.0,0.0,0.0,0.0,0.0,0.0,0.0,0.0,0.0,0.0,0.0,0.0,1.345,0.0,0.0,0.0,0.0,0.0,0.9406666666666667,0.0,0.0,0.0,0.0,0.0,2.8220000000000005,0.0,0.0,0.0,0.0,0.0,0.0,0.7163333333333334,0.3293333333333333,0.0,0.0,0.0,2.2536666666666667,0.0,0.0,0.0,0.0,0.0,0.03666666666666667,1.5666666666666667,0.0,0.0,0.0,0.0,0.0,0.0,0.0,0.0,0.13766666666666666,0.45533333333333337,0.0,0.0,0.04733333333333333,0.0,0.0,0.0,0.0,0.0,0.0,0.0,0.0,0.0,0.0,0.0,0.0,0.0,0.0,0.0,0.0,0.0,0.0,0.0,0.0,1.417,0.0,0.0,0.0,0.26666666666666666,0.0,0.2333333333333333,0.0,0.0,0.0,0.0,0.0,0.0,0.0,0.0,0.0,0.0,0.0,0.0,0.0,0.0,0.0,0.0,0.0,0.0,0.0,0.0,0.0,0.0,0.0,6.333333333333333,0.6666666666666666,0.0,0.0,0.0,0.0,0.0,0.0,0.0,0.0,0.0,0.0,0.0,0.0,0.0,0.0,0.0,0.0,0.0,0.0,0.0,0.0
SB0082,0.0,1.3333333333333333,0.0,0.273,0.0,0.0,0.0,0.0,0.0,0.0,0.0,0.338,0.0,0.0,0.6776666666666666,0.0,0.0,0.0,0.0,0.0,2.0,0.0,0.6666666666666666,2.217,0.0,0.0,1.3246666666666667,0.0,0.0,0.0,0.0,0.0,0.762,0.0,0.0,0.0,3.3333333333333335,0.0,0.0,0.0,0.0,0.0,0.0,0.0,0.0,0.0,0.0,0.0,0.0,0.0,0.0,0.3293333333333333,0.0,0.0,0.0,0.0,0.0,0.0,0.0,0.0,0.0,0.0,0.0,2.151666666666667,0.0,0.0,0.0,0.0,0.0,0.0,0.0,0.247,0.0,0.0,0.0,0.0,0.0,0.0,0.6666666666666666,0.0,0.0,0.6666666666666666,0.0,0.0,0.0,0.0,0.0,0.0,0.0,0.0,0.0,0.08233333333333333,0.0,0.0,0.0,0.09466666666666666,0.0,0.0,0.0,0.0,0.0,0.0,0.0,0.0,0.0,0.0,0.0,0.0,0.0,0.0,0.0,0.0,0.0,0.0,0.0,0.42300000000000004,0.9276666666666666,0.0,0.0,0.0,0.0,0.0,0.16666666666666666,0.0,0.9206666666666666,0.0,0.0,0.0,0.0,0.0,0.0,0.0,0.0,0.0,0.0,0.0,0.0,0.0,0.0,0.0,0.0,0.0,0.0,0.0,0.0,0.0,5.291666666666667,0.0,0.0,0.0,0.0,0.0,0.0,0.0,0.0,0.0,0.0,0.0,0.0,0.29366666666666663,0.039,0.0,0.0,0.6563333333333333,0.0,0.0,0.0,0.0
SB0083,0.0,1.3333333333333333,0.0,0.43966666666666665,0.0,0.0,0.0,0.0,0.0,0.0,0.0,0.338,0.0,0.0,0.3443333333333333,0.0,0.0,0.0,0.0,0.0,0.6666666666666666,0.0,0.6666666666666666,1.5503333333333333,0.0,0.0,1.0596666666666665,0.0,0.0,0.0,0.0,0.0,0.762,0.0,0.0,0.6583333333333333,2.6666666666666665,0.0,0.0,0.0,0.0,0.0,0.0,0.0,0.0,0.0,0.0,0.3333333333333333,0.0,0.0,0.0,0.3293333333333333,0.0,0.0,0.0,0.0,0.0,0.0,0.0,0.0,0.0,0.0,0.0,1.646,0.0,0.0,0.0,0.0,0.0,0.0,0.0,0.247,0.0,0.0,0.0,0.0,0.0,0.0,0.6666666666666666,0.0,0.0,0.3333333333333333,0.0,0.0,0.0,0.0,0.0,0.0,0.0,0.0,0.0,0.08233333333333333,0.0,0.0,0.0,0.09466666666666666,0.0,0.0,0.0,0.0,0.0,0.0,0.0,0.0,0.0,0.0,0.0,0.0,0.0,0.0,0.0,0.0,0.0,0.0,0.0,0.3383333333333333,0.9276666666666666,0.0,0.0,0.0,0.0,0.0,0.16666666666666666,0.0,0.87,0.0,0.0,0.0,0.0,0.0,0.0,0.0,0.0,0.0,0.0,0.0,0.0,0.0,0.0,0.0,0.0,0.0,0.0,0.0,0.0,0.0,4.166666666666667,0.0,0.0,0.0,0.0,0.0,0.0,0.0,0.0,0.0,0.0,0.0,0.0,0.29366666666666663,0.039,0.0,0.0,0.21866666666666665,0.0,0.0,0.0,0.0
SB0084,0.0,0.0,0.5756666666666667,4.832333333333334,0.0,0.0,0.0,0.0,0.19699999999999998,0.49566666666666664,0.64,0.0,2.705666666666666,0.375,1.0203333333333333,0.0,0.0,0.0,0.0,0.0,2.2936666666666667,0.0,0.0,0.0,0.0,0.0,2.6399999999999997,0.0,0.0,0.0,0.0,0.0,0.06666666666666667,0.0,0.0,0.0,0.0,0.0,0.0,0.0,0.0,0.0,0.0,0.0,0.0,0.3333333333333333,0.0,0.0,0.0,0.0,0.0,0.9053333333333334,0.0,0.0,0.0,0.0,0.0,0.0,0.0,0.5643333333333334,0.0,0.0,0.0,1.712,0.8993333333333333,0.0,0.0,2.469,0.0,0.0,0.5586666666666666,0.0,0.0,0.0,0.0,0.3333333333333333,0.0,0.0,0.0,0.0,0.0,0.032,0.0,0.0,0.0,0.0,0.0,0.0,0.0,0.0,0.0,0.2776666666666667,0.49666666666666665,0.0,0.0,0.0,0.0,0.0,0.0,0.0,0.0,0.0,0.0,0.0,0.0,0.0,0.0,0.0,0.0,0.0,0.0,0.0,0.0,0.0,0.0,0.0,1.6313333333333333,0.0,1.4693333333333334,0.0,0.311,0.0,1.0763333333333334,0.0,0.0,0.0,0.0,0.0,0.18333333333333335,0.0,0.25,0.0,0.0,1.2813333333333334,0.0,0.5,0.0,0.0,0.0,0.0,0.0,0.0,0.0,0.0,0.0,0.0,3.437666666666667,0.0,0.0,0.0,0.0,0.0,0.0,0.0,0.0,0.0,0.0,0.0,0.0,0.48966666666666664,0.0,0.0,0.0,0.09266666666666667,0.0,0.0,0.0,0.0
SB0086,0.0,0.5666666666666667,0.0,0.0,0.0,0.0,0.0,0.0,0.0,0.22199999999999998,0.0,0.14766666666666664,0.0,0.0,0.011000000000000001,0.0,0.0,0.0,0.0,0.0,2.2586666666666666,0.0,0.0,1.9503333333333337,3.9506666666666668,0.0,0.0,0.0,0.0,0.0,0.0,0.0,0.0,0.0,0.0,0.0,0.0,0.0,0.0,0.0,0.0,0.297,0.0,0.0,0.0,0.0,0.0,0.0,0.0,0.0,0.0,0.3293333333333333,0.0,0.0,0.0,0.0,0.0,0.31366666666666665,0.0,0.0,0.0,0.0,0.0,2.8220000000000005,0.0,0.0,0.0,0.0,0.0,0.0,1.7163333333333333,0.5760000000000001,0.0,0.0,0.0,3.2536666666666663,0.0,0.0,0.0,0.0,0.0,0.09933333333333333,0.3333333333333333,0.0,0.0,0.0,0.0,0.0,0.0,0.0,0.0,0.44300000000000006,0.4443333333333334,0.0,0.0,0.18933333333333333,0.0,0.0,0.0,0.0,0.0,0.0,0.0,0.0,0.0,0.0,0.0,0.0,0.0,0.0,0.0,0.0,0.0,0.0,0.0,0.0,1.237,0.0,0.0,0.0,0.26666666666666666,0.0,0.0,0.0,0.0,0.0,0.0,0.0,0.0,0.0,0.0,0.0,0.0,0.8436666666666667,0.0,0.0,0.0,0.0,0.0,0.0,0.0,0.0,0.0,0.0,0.0,0.0,3.5,0.6666666666666666,0.0,0.0,0.0,0.0,0.0,0.0,0.0,0.0,0.0,0.0,0.0,0.21,0.039,0.0,0.0,0.0,0.0,0.0,0.0,0.0
SB0091,0.0,0.6666666666666666,0.0,2.0,0.0,0.0,0.0,0.0,0.0,0.27566666666666667,0.0,0.0,0.002,0.0,0.23133333333333336,0.0,0.0,0.0,0.45933333333333337,0.0,0.22466666666666668,0.0,0.0,0.0,3.856333333333333,0.0,0.0,0.0,0.0,0.0,0.0,0.0,0.0,0.0,0.0,0.0,0.0,0.4703333333333333,0.0,0.0,0.0,0.16666666666666666,0.0,0.0,0.0,0.0,0.0,0.0,0.0,0.0,0.0,1.5756666666666668,0.0,0.0,0.0,0.0,0.0,0.0,0.0,0.0,0.0,0.0,0.0,1.0,1.317,0.0,0.0,0.0,0.0,0.0,0.0,0.0,0.0,0.0,0.0,0.5863333333333334,0.0,0.0,0.0,0.0,0.0,0.03666666666666667,1.1666666666666667,0.0,0.0,0.0,0.0,0.0,0.0,0.0,0.0,0.0,1.7779999999999998,0.0,0.0,0.0,0.0,0.0,0.0,0.0,0.0,0.0,0.0,0.0,0.0,0.0,0.0,0.0,0.0,0.0,0.0,0.0,0.0,0.0,0.0,0.0,1.8860000000000001,0.25199999999999995,0.0,0.0,0.0,0.0,0.043333333333333335,0.0,0.0,0.0,0.0,0.0,0.0,0.0,0.25,0.0,0.0,0.25,0.0,0.0,0.0,0.0,0.0,0.0,0.0,0.0,0.0,0.0,0.0,0.0,1.625,0.0,0.0,0.0,0.0,0.0,0.0,0.0,0.0,0.0,0.0,0.0,0.0,0.6666666666666666,0.0,0.0,0.0,0.4896666666666667,0.0,0.0,0.0,0.0
SB0093,0.06366666666666666,0.06366666666666666,0.0,1.8363333333333334,0.0,0.0,0.0,0.0,0.0,1.0143333333333333,0.0,0.0,0.009333333333333334,0.22133333333333335,0.48466666666666675,0.0,0.0,0.0,0.0,0.0,0.6739999999999999,0.0,0.0,0.3333333333333333,1.5176666666666667,0.0,0.0,0.0,0.0,0.0,0.0,0.0,1.8686666666666667,0.247,0.0,0.3103333333333333,0.0,0.0,0.4703333333333333,0.0,0.0,0.44100000000000006,0.0,0.0,0.0,0.0,0.0,0.0,0.0,0.0,0.0,0.0,0.0,0.0,0.0,0.0,0.0,0.0,0.0,0.0,0.0,0.0,0.0,0.0,0.9553333333333334,0.0,0.0,0.0,0.0,0.0,0.5866666666666667,0.0,0.0,0.0,0.0,1.173,0.0,0.0,0.0,0.0,0.0,0.07333333333333333,1.0,0.0,0.0,0.3333333333333333,0.0,0.0,0.0,0.0,0.0,0.09733333333333333,0.0,0.0,0.0,0.0,0.0,0.0,0.0,0.0,0.0,0.0,0.49300000000000005,0.0,0.0,0.0,0.2396666666666667,0.0,0.0,0.0,0.0,0.0,0.0,0.0,0.0,0.0,2.4903333333333335,0.0,0.0,0.0,0.0,0.0,0.8246666666666665,0.0,0.0,0.0,0.0,0.0,0.0,0.0,0.03166666666666667,0.0,0.0,0.16666666666666666,0.0,0.0,0.0,0.0,0.0,0.0,0.0,0.0,0.0,0.0,0.0,0.0,2.076,0.0,0.0,0.0,0.0,0.0,0.0,0.0,0.0,0.0,0.0,0.0,0.0,0.2853333333333333,0.0,0.0,0.0,0.09533333333333334,0.0,0.0,0.0,0.0
SB0094,0.0,0.0,0.0,0.0,0.0,0.0,0.0,0.0,0.0,0.9506666666666668,0.0,0.8096666666666668,0.015,0.3333333333333333,0.6046666666666668,0.0,0.0,0.0,0.0,0.0,3.7466666666666666,0.0,0.0,0.0,0.0,0.0,2.763333333333333,0.0,0.0,0.0,0.0,0.0,0.31233333333333335,0.0,0.0,0.0,0.0,0.0,0.6113333333333334,0.0,0.0,0.6256666666666666,0.0,0.0,0.0,0.0,0.0,0.6666666666666666,0.0,0.0,0.0,1.4343333333333332,0.0,0.0,0.0,0.0,0.0,0.0,0.0,0.141,0.0,0.0,0.0,0.0,1.74,0.0,0.0,0.0,0.0,0.0,0.3156666666666667,0.0,0.0,0.0,0.0,0.4693333333333334,0.0,0.0,0.0,0.0,0.43333333333333335,0.0,0.08933333333333333,0.0,0.0,0.0,0.0,0.0,0.0,0.0,0.0,1.0253333333333334,0.4663333333333333,0.0,0.11766666666666666,0.0,0.0,0.0,0.0,0.0,0.0,0.0,0.8666666666666667,1.3339999999999999,0.0,0.0,0.0,0.0,0.0,0.22233333333333336,0.0,0.0,0.0,0.0,0.0,0.7040000000000001,2.512,0.0,0.0,0.0,0.0,0.0,0.276,0.0,0.0,0.0,0.3333333333333333,0.0,0.0,0.0,0.0,0.0,0.0,0.0,0.0,0.0,0.0,0.0,0.6666666666666666,0.0,0.0,0.0,0.0,0.0,0.0,0.0,3.0500000000000003,0.0,0.0,0.0,0.0,0.0,0.0,0.0,0.0,0.0,0.0,0.0,0.0,0.3333333333333333,0.0,0.0,0.0,0.0,0.0,0.0,0.0,0.0
SB0095,0.6666666666666666,0.0,0.0,0.3333333333333333,0.0,0.0,0.0,0.0,0.0,1.0223333333333333,0.0,1.9113333333333333,0.015333333333333332,0.0,0.6180000000000001,0.0,0.0,0.0,0.0,0.0,4.951,0.0,0.0,0.6563333333333333,0.0,0.0,1.611,0.0,0.0,0.0,0.0,0.0,0.0,0.0,0.0,0.0,0.0,0.0,0.0,0.0,0.0,0.0,0.17500000000000002,0.0,0.0,0.47633333333333333,0.0,0.0,0.0,0.0,0.0,1.8339999999999999,0.0,0.0,0.0,0.0,0.0,0.0,0.0,0.18799999999999997,0.0,0.0,0.0,0.0,0.0,0.0,0.0,0.0,0.0,0.0,1.2343333333333335,0.0,0.0,0.0,0.0,1.0556666666666668,0.0,0.0,0.0,0.0,0.0,0.03666666666666667,0.0,0.0,0.0,0.0,0.0,0.0,0.0,0.0,0.0,0.286,0.6310000000000001,0.0,0.09799999999999999,0.0,0.0,0.0,0.0,0.0,0.0,0.0,0.0,1.3339999999999999,0.0,0.0,0.0,0.0,0.0,0.0,0.0,0.0,0.0,0.0,0.0,0.7040000000000001,3.145,0.0,0.0,0.0,0.0,0.0,0.4536666666666667,0.0,0.0,0.0,0.0,0.0,0.0,0.0,0.0,0.0,0.0,0.0,0.0,0.375,0.0,0.0,0.0,0.0,0.0,0.0,0.0,0.0,0.0,0.0,2.3333333333333335,0.0,0.0,0.0,0.0,0.0,0.0,0.0,0.0,0.0,0.0,0.0,0.0,0.3333333333333333,0.0,0.0,0.0,0.0,0.0,0.0,0.0,0.0
SB0100,0.0,0.3526666666666667,0.5893333333333334,0.38400000000000006,0.2496666666666667,0.0,0.0,0.9999999999999999,0.09966666666666667,0.519,0.0,0.0,0.010333333333333333,0.3543333333333334,2.4903333333333335,0.0,0.0,0.0,0.0,0.0,1.998,0.0,0.0,0.3333333333333333,1.1286666666666667,0.3246666666666667,1.5836666666666668,0.0,0.0,0.0,0.0,0.0,0.5723333333333332,2.033333333333333,0.0,0.0,0.0,0.0,0.0,0.315,0.30233333333333334,0.7176666666666667,0.0,0.0,0.0,0.0,0.0,0.0,0.0,0.0,0.0,0.07133333333333333,0.0,0.0,0.0,0.0,0.0,0.0,0.0,0.028999999999999998,0.02466666666666667,0.0,0.3293333333333333,1.752,0.8936666666666667,0.0,0.0,0.0,0.0,0.0,0.15666666666666665,0.0,0.0,0.0,0.0,0.7330000000000001,0.0,0.0,0.0,0.0,0.0,1.5366666666666668,0.0,0.0,0.0,0.0,0.0,0.0,0.0,0.0,0.0,0.467,0.22233333333333336,0.0,0.0,0.0,0.0,0.0,0.0,0.0,0.0,0.0,0.0,0.0,0.0,0.0,0.0,0.0,0.0,0.0,0.0,0.0,0.0,0.0,0.0,0.42,1.5096666666666667,0.0,0.0,0.0,0.0,0.0,0.13166666666666668,0.0,0.0,0.0,0.0,0.0,0.0,0.0,0.3333333333333333,0.0,0.0,0.16666666666666666,0.0,0.25,0.0,0.0,0.0,0.0,0.0,0.0,0.0,0.0,0.0,0.0,1.8333333333333333,0.0,0.0,0.0,0.0,0.0,0.0,0.0,0.0,0.017,0.0,0.0,0.5,0.009333333333333334,0.024333333333333332,0.0,0.0,0.463,0.0,0.0,0.0,0.0
SB0103,1.1666666666666667,0.0,0.16666666666666666,0.208,0.0,0.0,0.0,0.0,0.0,0.26966666666666667,0.0,0.451,0.0,0.0,0.327,0.0,0.0,0.05533333333333334,0.0,0.0,1.953,0.0,0.0,0.6666666666666666,0.0,0.0,0.8333333333333334,0.0,0.0,0.0,0.0,0.0,0.48366666666666663,0.3293333333333333,0.0,0.0,1.4580000000000002,0.0,0.0,0.0,0.0,0.0,0.0,0.0,0.0,0.0,0.0,0.0,0.0,0.0,0.0,0.0,0.0,0.0,0.0,0.0,0.0,0.0,0.0,0.0,0.0,0.0,0.0,0.0,0.7643333333333334,0.0,0.0,0.0,0.0,0.0,0.26833333333333337,0.0,0.0,0.0,0.0,0.0,0.0,0.0,0.0,0.0,0.0,2.1189999999999998,0.0,0.0,0.3333333333333333,0.3333333333333333,0.0,0.0,0.0,0.0,0.0,0.9039999999999999,0.3446666666666667,0.0,0.0,0.0,0.0,0.0,0.0,0.0,0.0,0.0,0.0,0.0,0.0,0.0,0.16333333333333333,0.0,0.0,0.0,0.0,0.0,0.0,0.0,0.0,0.9073333333333333,0.6826666666666666,0.0,0.0,0.0,0.0,0.0,0.10066666666666667,0.0,0.125,0.0,0.0,0.0,0.0,0.0,0.0,0.0,0.0,0.18766666666666665,0.0,0.0,0.0,0.0,0.0,0.0,0.0,0.0,0.0,0.0,0.0,0.0,0.75,0.0,0.0,0.0,0.0,0.0,0.0,0.0,0.0,0.0,0.0,0.0,0.0,0.0,0.22099999999999997,0.0,0.0,0.0,0.0,0.0,0.0,0.0
SB0104,0.0,0.9166666666666666,0.0,0.26299999999999996,0.12766666666666665,0.0,0.0,0.0016666666666666668,0.10633333333333334,0.1996666666666667,0.02466666666666667,0.0,0.0013333333333333333,0.107,1.0096666666666667,0.0,0.0,0.0,0.0,0.0,0.15766666666666665,0.6666666666666666,0.0,0.0,0.42333333333333334,0.0,0.5760000000000001,0.0,0.0,0.0,0.0,0.0,0.0,0.0,0.0,0.0,0.0,0.0,0.5876666666666667,0.0,0.0,0.291,0.0,0.0,0.0,0.0,0.0,0.0,0.0,0.0,0.0,1.514,0.0,0.0,0.0,0.0,0.0,0.0,0.0,0.03733333333333333,0.0030000000000000005,0.0,0.0,0.0,0.0,0.0,0.0,0.0,0.0,0.0,0.34099999999999997,1.0,0.0,0.0,0.0,0.0,0.0,0.0,0.0,0.8346666666666667,0.0,1.0833333333333333,0.8333333333333334,0.0,0.0,0.0,0.0,0.0,0.0,0.0,0.0,0.06166666666666667,0.0,0.0,0.0,0.23133333333333336,0.0,0.23133333333333336,0.0,0.0,0.0,0.0,0.0,0.0,0.0,0.0,0.0,0.0,0.0,0.0,0.0,0.0,0.0,0.0,0.0,0.625,0.153,0.21333333333333335,0.008666666666666668,0.0,0.17966666666666667,0.0,0.0,0.0,0.0,0.0,0.0,0.0,0.0,0.0,0.0,0.0,0.0,0.25,0.0,0.0,0.0,0.0,0.0,0.0,0.0,0.0,0.0,0.0,0.0,0.0,0.9376666666666665,0.0,0.0,0.0,0.0,0.0,0.0,0.0,0.0,0.0,0.0,0.0,0.0,0.19999999999999998,0.0,0.0,0.0,0.023000000000000003,0.0,0.0,0.0,0.0
SB0105,0.0,0.0,0.0,0.8916666666666666,0.0,0.0,0.0,0.0,0.0,0.256,0.9343333333333333,0.0,0.0,0.0,0.0,0.0,0.0,0.0,0.0,0.0,1.2536666666666667,0.0,0.0,1.5999999999999999,0.2823333333333333,0.0,0.5760000000000001,0.0,0.0,0.0,0.0,0.0,0.4063333333333334,0.0,0.0,0.0,0.0,0.0,0.0,0.0,0.0,0.0,0.0,0.0,0.0,0.0,0.0,0.0,0.0,0.0,0.0,0.4683333333333333,0.6666666666666666,0.0,0.0,0.0,0.0,0.0,0.0,0.0,0.0,0.0,0.42,0.0,0.0,0.0,0.0,0.0,0.0,0.0,1.4073333333333335,0.0,0.0,0.0,0.0,0.5866666666666667,0.0,0.0,0.0,0.0,0.0,0.06733333333333333,0.0,0.0,0.16666666666666666,0.0,0.3333333333333333,0.0,0.0,0.0,0.0,0.08333333333333333,0.19099999999999998,0.0,0.0,0.0,0.0,0.0,0.0,0.0,0.0,0.0,0.0,0.0,0.0,0.0,0.0,0.0,0.0,0.0,0.0,0.0,0.0,0.0,0.0,0.8726666666666668,0.8430000000000001,0.0,0.41500000000000004,0.0,0.3056666666666667,0.0,0.04033333333333333,0.0,0.0,0.0,0.0,0.0,0.0,0.0,0.0,0.0,0.0,0.0,0.0,0.6666666666666666,0.0,0.0,0.0,0.0,0.0,0.0,0.0,0.0,0.0,0.0,1.7186666666666668,0.0,0.0,0.0,0.0,0.0,0.0,0.0,0.0,0.0,0.0,0.0,0.0,1.26,0.0,0.0,0.0,0.0,0.0,0.0,0.0,0.0
SB0107,0.0,0.4166666666666667,0.0,0.47600000000000003,0.0,0.0,0.0,0.0,0.21866666666666665,0.48866666666666664,0.0,0.0,0.0,1.697,1.0303333333333333,0.0,0.0,0.0,0.0,0.0,1.2306666666666668,0.0,0.0,0.6666666666666666,4.2330000000000005,0.0,1.7143333333333333,0.0,0.0,0.0,0.0,0.0,0.0,0.0,0.0,0.0,0.439,0.0,0.0,0.0,0.0,0.0,0.0,0.0,0.0,0.0,0.0,0.0,0.0,0.0,0.0,0.672,0.0,0.0,0.0,0.0,0.0,0.0,0.0,0.0,0.0,0.0,0.0,1.2933333333333332,0.0,0.0,0.0,0.0,0.0,0.0,0.31733333333333336,0.0,0.0,0.0,0.0,0.0,0.0,0.0,0.0,0.0,0.0,0.0,1.3333333333333333,0.0,0.3333333333333333,0.0,0.3333333333333333,0.0,0.0,0.0,0.0,2.766666666666667,0.06366666666666666,0.0,0.0,0.0,0.15433333333333332,0.0,0.0,0.0,0.0,0.0,0.0,0.0,0.0,0.0,0.0,0.0,0.0,0.0,0.0,0.0,0.0,0.0,0.0,0.0,1.6340000000000001,0.0,0.0,0.0,0.0,0.0,0.030333333333333334,0.0,1.3333333333333333,0.0,0.0,0.0,0.0,0.0,0.0,0.0,0.0,0.5626666666666668,0.0,0.0,0.0,0.0,0.0,0.0,0.0,0.0,0.0,0.0,0.0,0.0,0.7916666666666666,0.0,0.0,0.0,0.0,0.0,0.0,0.0,0.0,0.0,0.0,0.0,1.25,0.0,1.26,0.0,0.0,0.0,0.0,0.0,0.0,0.0
SB0108,0.0,0.4166666666666667,0.0,1.2346666666666666,0.0,0.0,0.0,0.145,0.164,0.36599999999999994,0.0,0.0,0.005666666666666667,1.0603333333333333,0.594,0.0,0.0,0.0,1.7813333333333332,0.0,0.8823333333333334,0.0,0.0,0.0,2.2573333333333334,0.0,1.5736666666666668,0.0,0.0,0.0,0.0,0.0,0.0,0.0,0.0,0.0,1.0,0.0,0.0,0.0,0.311,0.0,0.0,0.0,0.0,0.0,0.0,0.0,0.0,0.0,0.0,1.262,0.0,0.0,0.0,0.0,0.0,0.0,0.0,0.0,0.0,0.0,0.0,0.5173333333333333,0.0,0.0,0.0,0.0,0.0,0.0,0.0,0.0,0.0,0.0,0.0,0.0,0.0,0.0,0.0,0.0,0.0,0.3333333333333333,1.3333333333333333,0.0,0.0,0.0,0.0,0.0,0.0,0.0,0.0,2.0913333333333335,0.053,0.0,0.0,0.0,0.15433333333333332,0.0,0.0,0.0,0.0,0.0,0.0,0.0,0.0,0.0,0.0,0.0,0.0,0.0,0.0,0.0,0.0,0.0,0.0,0.0,0.8290000000000001,0.0,4.222333333333333,0.0,0.0,0.0,0.024999999999999998,0.0,0.0,0.0,0.0,0.0,0.0,0.0,0.0,0.0,0.0,0.5626666666666668,0.0,0.0,0.0,0.0,0.0,0.0,0.0,0.0,0.0,0.0,0.0,0.0,0.6666666666666666,0.0,0.0,0.0,0.0,0.0,0.0,0.0,0.0,0.0,0.0,0.0,1.0,0.0,0.7200000000000001,0.0,0.0,0.08166666666666667,0.0,0.0,0.0,0.0
SB0112,0.0,0.0,0.0,1.09,0.0,0.0,0.0,0.23099999999999998,0.7080000000000001,0.07833333333333332,0.0,0.0,0.0006666666666666666,0.43966666666666665,0.7639999999999999,0.0,0.0,0.3333333333333333,0.0,0.0,0.0,1.6666666666666667,0.0,0.3333333333333333,0.0,0.0,0.8743333333333334,0.0,0.0,0.0,0.945,0.0,0.0,0.0,0.0,0.0,0.0,0.0,0.0,0.0,0.0,0.0,0.3,0.0,0.0,0.0,0.0,0.0,0.0,0.0,0.0,0.16666666666666666,0.0,0.0,0.0,0.0,0.0,0.0,0.0,0.0,0.5,0.0,0.0,0.0,0.0,0.0,0.0,0.0,0.0,0.0,0.0,0.988,0.0,0.0,0.0,0.6653333333333333,0.0,0.0,0.3333333333333333,0.0,0.0,0.75,0.0,0.0,0.0,0.0,0.0,0.0,0.0,0.0,0.0,0.875,0.0,0.0,0.0,0.0,0.0,0.0,0.0,0.0,0.0,0.0,0.0,0.0,0.0,0.0,0.0,0.0,0.0,0.0,0.0,0.0,0.0,0.0,0.0,0.22233333333333336,0.08333333333333333,0.0,0.0,0.0,1.0,0.0,0.0,0.0,0.3333333333333333,0.0,0.0,0.0,0.0,0.0,0.0,0.0,0.0,0.0,0.0,0.0,0.0,0.0,0.0,0.0,0.0,0.0,0.0,0.0,0.0,0.0,3.4166666666666665,0.0,0.0,0.0,0.0,0.0,0.0,0.0,0.0,0.0,0.0,0.0,0.5,0.0,0.0,0.0,0.0,0.0,0.0,0.0,0.0,0.0
SB0116,0.0,0.5626666666666668,0.16666666666666666,0.0,0.0,0.0,0.0,0.0,0.007,0.015333333333333332,0.0,0.0,0.0016666666666666668,0.02766666666666667,0.09833333333333334,0.0,0.0,0.0,0.0,0.0,0.4383333333333333,0.0,0.0,2.217,0.0,0.0,0.0,0.0,0.0,0.03966666666666667,0.0,0.0,0.0,0.7053333333333334,0.0,0.0,0.0,0.0,0.0,0.0,0.0,0.3243333333333333,0.0,0.0,0.0,0.303,0.0,0.3333333333333333,0.0,0.0,0.0,0.0,0.0,0.0,0.0,0.0,0.0,0.43100000000000005,0.0,0.0,0.0,0.0,0.0,0.2703333333333333,0.0,0.0,0.0,0.0,0.0,0.0,1.0583333333333333,0.3333333333333333,0.0,0.0,0.0,0.3333333333333333,0.0,0.0,0.0,0.017666666666666667,0.0,0.0,0.3333333333333333,0.0,0.0,0.0,0.0,0.0,0.0,0.0,0.0,0.125,0.0,0.0,0.0,0.0,0.0,0.0,0.0,0.0,0.0,0.0,0.125,0.0,0.0,0.0,0.0,0.0,0.0,0.0,0.0,0.0,0.0,0.0,0.0,0.0,0.5576666666666666,0.0,0.0,0.0,0.0,0.311,0.024000000000000004,0.0,0.0,0.0,0.0,0.0,0.0,0.0,0.0,0.0,0.0,0.0,0.0,1.9999999999999998,0.0,0.0,0.0,0.0,0.0,0.0,0.0,0.0,0.0,0.0,0.16666666666666666,0.8333333333333334,0.0,0.0,0.0,0.0,0.0,0.0,0.0,0.0,0.0,0.0,0.0,0.0,0.0,0.0,0.0,0.0,0.0,0.0,0.0,0.0
SB0117,2.75,0.0,0.0,0.0,0.0,0.0,0.0,0.0,0.0,0.0,0.0,1.169,0.687,0.0,0.25,0.0,0.0,0.0,0.0,0.0,0.0,0.0,0.0,0.0,0.0,0.0,0.0,0.0,0.0,0.0,0.0,0.0,0.0,0.0,0.0,0.0,0.0,0.0,0.0,0.0,0.0,0.0,0.0,0.0,0.0,0.0,0.0,0.0,0.0,0.0,0.0,0.0,0.0,0.0,0.0,0.0,0.0,0.0,0.0,0.0,0.0,0.0,0.0,8.466000000000001,0.0,0.0,4.3389999999999995,0.0,0.0,0.0,0.6,0.0,0.0,0.0,0.0,0.0,0.0,0.0,0.0,0.0,0.0,0.0,0.0,0.0,0.0,0.5,0.0,0.0,0.0,0.0,0.0,0.0,0.0,0.0,0.0,0.0,0.0,0.0,0.0,0.0,0.0,0.0,0.0,0.0,0.0,0.0,0.0,0.0,0.0,0.0,0.0,0.0,0.0,0.0,0.0,0.0,0.344,1.354,0.0,0.0,0.0,3.0,0.0,0.0,0.0,0.0,0.0,0.0,0.0,0.0,0.0,0.0,0.0,0.0,0.0,0.0,0.0,0.0,0.0,0.0,0.0,0.0,0.0,0.0,0.0,0.0,0.0,0.0,0.0,0.0,0.0,0.0,0.0,0.0,0.0,0.0,0.0,0.0,0.0,0.0,0.0,0.0,0.0,0.0,0.0,0.0,0.0,0.0
SB0118,0.078,0.0,0.16666666666666666,1.6453333333333333,0.0,0.0,0.0,0.0,0.7306666666666666,0.49066666666666675,0.0,0.5,0.004666666666666666,0.0,0.228,0.0,0.0,0.0,0.0,0.0,0.7536666666666667,0.0,0.0,0.13333333333333333,0.0,0.0,0.0,0.0,0.0,0.0,0.0,0.0,0.6286666666666666,0.0,0.0,0.6586666666666666,0.0,0.0,0.0,0.0,0.16666666666666666,0.0,0.0,0.0,0.0,0.0,0.0,0.0,0.0,0.0,0.0,0.6583333333333333,0.0,0.0,0.0,0.0,0.0,0.0,0.0,0.0,0.0,0.0,0.0,2.194,1.0,0.0,0.0,0.0,0.0,0.0,0.21466666666666667,0.0,0.0,0.0,0.0,0.0,0.0,0.0,0.0,0.0,0.0,0.7999999999999999,0.16666666666666666,0.0,0.0,0.0,0.0,0.0,0.0,0.0,0.0,0.014,0.19099999999999998,0.0,0.0,0.09466666666666666,0.06233333333333333,0.0,0.0,0.0,0.0,0.0,0.2806666666666667,0.0,0.0,0.0,0.0,0.0,0.0,0.0,0.0,0.0,0.0,0.0,0.0,0.0,0.8450000000000001,0.16,0.14033333333333334,0.0,0.0,0.0,0.27366666666666667,0.0,0.0,0.0,0.0,0.0,0.0,0.0,0.0,0.0,0.0,0.0,0.0,0.0,0.0,0.25,0.0,0.0,0.0,0.0,0.0,0.0,0.0,0.0,0.646,0.0,0.0,0.0,0.0,0.0,0.0,0.0,0.0,0.0,0.0,0.0,0.0,0.0,0.0,0.0,0.0,0.17533333333333334,0.0,0.0,0.0,0.0
SB0120,0.5,0.0,0.5,0.15366666666666667,0.0,0.0,0.0,0.0,0.005666666666666667,0.9903333333333332,0.0,0.0,0.004333333333333334,0.7206666666666667,0.767,0.0,0.0,0.6666666666666666,0.0,0.0,1.7303333333333335,0.0,0.0,1.7013333333333334,1.1286666666666667,0.0,0.16466666666666666,0.0,0.0,0.0,0.0,0.0,1.0683333333333334,0.0,0.0,0.0,0.0,0.0,0.0,0.0,0.0,0.139,0.0,0.3333333333333333,0.0,0.0,0.0,0.0,0.0,0.0,0.0,0.4626666666666667,0.0,0.0,0.0,0.0,0.0,0.0,0.0,0.20566666666666666,0.023666666666666666,0.0,1.3333333333333333,0.0,0.0,0.0,0.0,0.0,0.0,0.0,0.629,0.0,0.0,0.0,0.0,1.1726666666666667,0.0,0.0,0.0,0.0026666666666666666,0.0,0.07333333333333333,0.0,0.0,0.16666666666666666,0.0,0.0,0.0,0.0,0.0,0.0,0.07866666666666668,0.16733333333333333,0.0,0.017666666666666667,0.0,0.0,0.0,0.0,0.0,0.0,0.0,0.0,0.0,0.0,0.0,0.0,0.0,0.0,0.0,0.0,0.0,0.0,0.0,0.0,0.44,2.6686666666666667,0.0,0.0,0.0,0.0,0.0,0.79,0.0,0.0,0.0,0.0,0.0,0.0,0.0,0.75,0.0,0.0,0.5,0.0,0.0,0.0,0.0,0.0,0.0,0.3333333333333333,0.0,0.0,0.0,0.0,0.0,0.7083333333333334,0.0,0.0,0.0,0.0,0.0,0.0,0.0,0.0,0.0,0.0,0.0,0.0,0.7333333333333334,0.7200000000000001,0.0,0.0,0.07133333333333333,0.0,0.0,0.0,0.0
SB0121,0.0,0.0,0.0,0.0,0.0,0.0,0.0,0.0,0.0,0.34500000000000003,0.0,0.24,0.0,0.4366666666666667,0.021333333333333333,0.0,0.0,0.16666666666666666,0.0,0.0,0.7239999999999999,0.0,0.0,0.6666666666666666,0.0,0.0,1.1523333333333332,0.0,0.0,0.0,0.0,0.0,1.1980000000000002,0.0,0.0,0.3293333333333333,0.878,0.0,0.0,0.0,0.0,0.359,0.0,0.0,0.0,0.0,0.0,0.0,0.0,0.0,0.0,0.492,0.0,0.0,0.0,0.0,0.0,0.0,0.0,0.0,0.0,0.0,0.0,0.0,0.9406666666666667,0.0,0.0,0.0,0.0,0.0,0.13933333333333334,0.0,0.0,0.0,0.0,0.5863333333333334,0.0,0.0,0.0,0.0,0.08333333333333333,0.38400000000000006,0.0,0.0,0.25,0.0,0.0,0.0,0.0,0.0,0.0,0.063,0.19766666666666666,0.0,0.0,0.0,0.0,0.0,0.0,0.0,0.0,0.0,0.0,0.0,0.0,0.0,0.0,0.0,0.0,0.0,0.0,0.0,0.0,0.0,0.0,1.1066666666666667,0.38166666666666665,0.0,0.16666666666666666,0.0,0.0,0.0,0.03866666666666666,0.0,0.0,0.0,0.0,0.0,0.0,0.0,1.5,0.0,0.0,0.0,0.0,0.0,0.0,0.0,0.0,0.0,0.0,0.0,0.0,0.0,0.0,0.0,1.0416666666666667,0.0,0.0,0.0,0.0,0.0,0.0,0.0,0.0,0.0,0.0,0.0,0.0,0.3333333333333333,0.0,0.0,0.0,0.0,0.0,0.0,0.0,0.0
SB0122,1.3333333333333333,1.1253333333333335,1.3543333333333332,1.029,0.0,0.0,0.0,0.0,0.007,0.4626666666666667,0.0,0.0,0.005333333333333333,0.19033333333333333,0.08900000000000001,0.0,0.0,0.0,0.0,0.0,0.9436666666666667,0.0,0.0,1.9880000000000002,0.2823333333333333,0.0,0.0,0.0,0.0,0.07066666666666667,0.0,0.0,0.0,1.4106666666666667,0.0,0.0,1.1286666666666667,0.0,0.0,0.0,0.0,0.5553333333333333,0.0,0.0,0.0,0.0,0.0,0.0,0.0,0.0,0.0,0.3293333333333333,0.0,0.0,0.0,0.0,0.0,1.2063333333333333,0.0,0.002,0.0,0.0,0.0,0.0,0.0,0.0,0.0,0.0,0.0,0.0,0.5886666666666667,0.0,0.0,0.0,0.0,0.0,0.0,0.0,0.0,0.017666666666666667,0.16666666666666666,0.0,3.3333333333333335,0.0,0.0,0.0,0.6666666666666666,0.0,0.0,0.0,0.0,0.4653333333333333,0.07666666666666666,0.0,0.0,0.0,0.0,0.0,0.0,0.0,0.0,0.0,0.0,0.0,0.0,0.0,0.0,0.0,0.0,0.0,0.0,0.0,0.0,0.0,0.0,0.0,0.16766666666666666,0.06233333333333333,0.0,0.0,0.0,0.0,0.10800000000000003,0.0,0.0,0.0,0.0,0.0,0.0,0.0,0.0,0.0,0.0,0.0,0.0,0.3333333333333333,0.0,0.0,0.0,0.0,0.0,0.0,0.0,0.0,0.0,0.0,2.0,0.0,0.0,0.0,0.0,0.0,0.0,0.0,0.0,0.007666666666666666,0.0,0.0,0.0,0.21433333333333335,0.039,0.0,0.0,0.0,0.0,0.0,0.0,0.0
